Workbook

Sheet Замеры
A1: Журнал геодезических наблюдений за осадкой · 2101 · Корпус крупного дробления (ККД) · ООО "Черногорская ГРК"
A2: Дата замера | B2: Марка | C2: Отметка, м | D2: Осадка, мм | E2: Примечание
D3: =IF(OR($B3="",$C3=""),"",IFERROR(ROUND(($C3-VLOOKUP($B3,Марки!$A:$B,2,FALSE))*1000,1),""))
D4: =IF(OR($B4="",$C4=""),"",IFERROR(ROUND(($C4-VLOOKUP($B4,Марки!$A:$B,2,FALSE))*1000,1),""))
D5: =IF(OR($B5="",$C5=""),"",IFERROR(ROUND(($C5-VLOOKUP($B5,Марки!$A:$B,2,FALSE))*1000,1),""))
D6: =IF(OR($B6="",$C6=""),"",IFERROR(ROUND(($C6-VLOOKUP($B6,Марки!$A:$B,2,FALSE))*1000,1),""))
D7: =IF(OR($B7="",$C7=""),"",IFERROR(ROUND(($C7-VLOOKUP($B7,Марки!$A:$B,2,FALSE))*1000,1),""))
D8: =IF(OR($B8="",$C8=""),"",IFERROR(ROUND(($C8-VLOOKUP($B8,Марки!$A:$B,2,FALSE))*1000,1),""))
D9: =IF(OR($B9="",$C9=""),"",IFERROR(ROUND(($C9-VLOOKUP($B9,Марки!$A:$B,2,FALSE))*1000,1),""))
D10: =IF(OR($B10="",$C10=""),"",IFERROR(ROUND(($C10-VLOOKUP($B10,Марки!$A:$B,2,FALSE))*1000,1),""))
D11: =IF(OR($B11="",$C11=""),"",IFERROR(ROUND(($C11-VLOOKUP($B11,Марки!$A:$B,2,FALSE))*1000,1),""))
D12: =IF(OR($B12="",$C12=""),"",IFERROR(ROUND(($C12-VLOOKUP($B12,Марки!$A:$B,2,FALSE))*1000,1),""))
D13: =IF(OR($B13="",$C13=""),"",IFERROR(ROUND(($C13-VLOOKUP($B13,Марки!$A:$B,2,FALSE))*1000,1),""))
D14: =IF(OR($B14="",$C14=""),"",IFERROR(ROUND(($C14-VLOOKUP($B14,Марки!$A:$B,2,FALSE))*1000,1),""))
... D62: =IF(OR($B62="",$C62=""),"",IFERROR(ROUND(($C62-VLOOKUP($B62,Марки!$A:$B,2,FALSE))*1000,1),""))

Sheet Марки
A1: Марка | B1: Исходная отметка, м
A2: 1 | B2: 220.094
A3: 2 | B3: 220.065
A4: 3 | B4: 220.033
A5: 4 | B5: 220.029
A6: 5 | B6: 219.991
A7: 6 | B7: 219.984
A8: 7 | B8: 220.036
A9: 8 | B9: 219.98
A10: 9 | B10: 220.029
A11: 10 | B11: 220.048
A12: 11 | B12: 220.097
A13: 12 | B13: 220.113
... A52: 51 | B52: 223.138
A53: Исходные отметки — по «Общей таблице мониторинга от 18.01.2024»; осадка считается от исходной отметки марки.

Sheet Инструкция
A1: Инструкция — журнал деформаций 2101 ККД
A3: 1. Строка = один замер одной марки: дата (ДД.ММ.ГГГГ), номер марки (выбор из списка), измеренная отметка, м.
A4: 2. Осадка в графе D вычисляется автоматически: (отметка − исходная) × 1000, мм — лист «Марки».
A5: Заполняйте в Excel/LibreOffice и сохраняйте файл перед загрузкой, чтобы формулы пересчитались.
A6: 3. Пустые строки можно не удалять. Примечания («марка уничтожена», «нет доступа») — в графу E.
A7: 4. Новые марки: допишите их в лист «Марки» с исходной отметкой — список выбора расширяется автоматически.
A8: 5. Не переименовывайте файл: шифр объекта в имени нужен приложению для автопривязки к карточке.
A10: Загрузка: уровень «оператор» → «Загрузка данных мониторинга» → «Выбрать журнал деформаций…» → предпросмотр → «Перенести».
A11: Формы — по ГОСТ 24846-2019; ряды появятся во вкладке «Деформации» карточки объекта.
